[
    {
        "userId": 1,
        "name": "Jon Snow",
        "profilePicture": "https://cg0.cgsociety.org/uploads/images/original/hosseindiba-jon-snow-1-b968195d-au6q.jpeg",
        "statusMessage": "We become what we think about!",
        "presence": 1
    },
    {
        "userId": 2,
        "name": "Daenerys Targaryen",
        "profilePicture": "https://preview.redd.it/hlxen8gtwpm01.jpg?width=640&crop=smart&auto=webp&v=enabled&s=a3c43bcbfc1db31d542ef67071559264358b3d2b",
        "statusMessage": "A positive mindset brings positivethings.",
        "presence": 3
    },
    {
        "userId": 3,
        "name": "Tyrion Lannister",
        "profilePicture": "https://mir-s3-cdn-cf.behance.net/project_modules/fs/6a3f5237411193.573f25019c8bf.jpg",
        "statusMessage": "One small positive thought can change your whole day",
        "presence": 3
    },
    {
        "userId": 4,
        "name": "Jaime Lannister",
        "profilePicture": "https://64.media.tumblr.com/21de4501827aba1c6463ce2ae6a36780/tumblr_ps5le9xxRb1w9a5vgo1_1280.jpg",
        "statusMessage": "I am a rockstar",
        "presence": 1
    },
    {
        "userId": 5,
        "name": "Arya Stark",
        "profilePicture": "https://64.media.tumblr.com/21de4501827aba1c6463ce2ae6a36780/tumblr_ps5le9xxRb1w9a5vgo1_1280.jpg",
        "statusMessage": "I am using Gradious messenger",
        "presence": 4
    },
    {
        "name": "Akanksha Singh",
        "profilePicture": "https://64.media.tumblr.com/21de4501827aba1c6463ce2ae6a36780/tumblr_ps5le9xxRb1w9a5vgo1_1280.jpg",
        "statusMessage": "Hai all, I am Panda",
        "presence": "4",
        "userId": 12
    },
    {
        "name": "Anjali Nambrath",
        "profilePicture": "https://64.media.tumblr.com/21de4501827aba1c6463ce2ae6a36780/tumblr_ps5le9xxRb1w9a5vgo1_1280.jpg",
        "statusMessage": "Hai all",
        "presence": "3",
        "userId": 13
    },
    {
        "name": "Anoop Nambrath",
        "profilePicture": "https://64.media.tumblr.com/21de4501827aba1c6463ce2ae6a36780/tumblr_ps5le9xxRb1w9a5vgo1_1280.jpg",
        "statusMessage": "Hai all,How are you?",
        "presence": "2",
        "userId": 15
    }
]